fsize,ksize,request_rate,thread,throughput
256,128,100,2,99.381361
256,128,100,2,99.1818
256,128,100,4,99.081103
256,128,100,4,99.360256
