fsize,ksize,request_rate,thread,response_time
256,128,100,2,9.830986
256,128,100,2,10.338028
256,128,100,4,10.166329
256,128,100,4,12.076305
