fsize,ksize,request_rate,thread,throughput
256,128,100,2,99.201597
256,128,100,2,99.043444
256,128,100,4,98.403194
256,128,100,4,99.421042
