fsize,ksize,request_rate,thread,response_time
256,128,100,2,9.004016
256,128,100,2,8.889336
256,128,100,4,9.229839
256,128,100,4,8.613682
