fsize,ksize,request_rate,thread,throughput
256,8,500,1,473.337328
256,8,500,1,487.73679
256,8,500,1,480.838323
256,16,500,1,484.128569
256,16,500,1,484.927131
256,16,500,1,468.344318
256,32,500,1,470.646965
256,32,500,1,463.857827
256,32,500,1,481.525864
256,64,500,1,382.616911
256,64,500,1,381.408721
256,64,500,1,378.315496
256,128,500,1,186.144814
256,128,500,1,186.768014
256,128,500,1,186.693455
