fsize,ksize,request_rate,thread,throughput
128,32,200,2,198.323186
128,32,200,4,193.274795
128,32,400,2,383.617679
128,32,400,4,377.330276
128,64,200,2,194.014963
128,64,200,4,202.394015
128,64,400,2,382.440772
128,64,400,4,382.461385
256,32,200,2,191.25574
256,32,200,4,194.65763
256,32,400,2,381.546135
256,32,400,4,372.14862
256,64,200,2,194.674379
256,64,200,4,188.473831
256,64,400,2,330.104577
256,64,400,4,380.217153
