fsize,ksize,request_rate,thread,response_time
512,256,100,1,6922.966476
512,256,100,1,6715.585482
512,256,100,1,7246.933853
512,256,100,2,3172.236628
512,256,100,2,3285.685941
512,256,100,2,2417.387781
512,256,100,4,303.480091
512,256,100,4,584.245734
512,256,100,4,316.814473
512,256,100,8,53.814819
512,256,100,8,53.652161
512,256,100,8,51.607911
