fsize,ksize,request_rate,thread,response_time
64,32,1000,1,0.205243
64,32,1000,1,0.203129
64,32,1000,1,0.211432
128,32,1000,1,0.53806
128,32,1000,1,0.540353
128,32,1000,1,0.538516
256,32,1000,1,933.785748
256,32,1000,1,842.717094
256,32,1000,1,836.987614
512,32,1000,1,10992.289241
512,32,1000,1,10954.778224
512,32,1000,1,11336.913475
