fsize,ksize,request_rate,thread,response_time
64,32,50,1,0.380388
64,32,50,1,0.388425
64,32,50,1,0.388764
128,32,50,1,0.654644
128,32,50,1,0.667884
128,32,50,1,0.689764
256,32,50,1,1.766151
256,32,50,1,1.696673
256,32,50,1,1.697909
512,32,50,1,6.752545
512,32,50,1,6.701214
512,32,50,1,6.627938
