fsize,ksize,request_rate,thread,throughput
256,8,100,1,97.663271
256,8,100,1,97.502498
256,8,100,1,96.922462
256,16,100,1,96.00477
256,16,100,1,105.915268
256,16,100,1,92.178771
256,32,100,1,96.767757
256,32,100,1,106.145251
256,32,100,1,93.706294
256,64,100,1,99.140516
256,64,100,1,105.157937
256,64,100,1,105.242177
256,128,100,1,98.501499
256,128,100,1,95.874028
256,128,100,1,101.278466
