fsize,ksize,request_rate,thread,throughput
256,32,200,1,198.840927
256,32,200,1,196.011964
256,32,200,1,205.312562
256,32,400,1,377.44511
256,32,400,1,395.251397
256,32,400,1,386.504292
256,32,600,1,593.812375
256,32,600,1,570.117694
256,32,600,1,575.648703
256,32,800,1,702.762841
256,32,800,1,710.775391
256,32,800,1,713.853142
