fsize,ksize,request_rate,thread,throughput
64,32,100,1,95.561775
64,32,100,1,101.62763
64,32,100,1,92.63326
128,32,100,1,103.550883
128,32,100,1,100.71799
128,32,100,1,98.383556
256,32,100,1,93.768664
256,32,100,1,98.986285
256,32,100,1,97.366321
512,32,100,1,95.759506
512,32,100,1,98.721023
512,32,100,1,99.681021
