fsize,ksize,request_rate,thread,response_time
256,8,100,1,0.72616
256,8,100,1,0.739879
256,8,100,1,0.723258
256,16,100,1,1.04548
256,16,100,1,1.044492
256,16,100,1,1.075755
256,32,100,1,1.7166
256,32,100,1,1.703207
256,32,100,1,1.696352
256,64,100,1,3.232159
256,64,100,1,3.2032
256,64,100,1,3.234358
256,128,100,1,8.23801
256,128,100,1,8.097624
256,128,100,1,8.649203
