fsize,ksize,request_rate,thread,throughput
64,32,50,1,43.756244
64,32,50,1,50.35686
64,32,50,1,52.965681
128,32,50,1,50.579768
128,32,50,1,51.552548
128,32,50,1,50.617776
256,32,50,1,47.50499
256,32,50,1,48.863183
256,32,50,1,48.473968
512,32,50,1,50.348259
512,32,50,1,46.706587
512,32,50,1,45.372776
