fsize,ksize,request_rate,thread,response_time
64,32,100,1,0.367996
64,32,100,1,0.359305
64,32,100,1,0.369511
128,32,100,1,0.618845
128,32,100,1,0.62075
128,32,100,1,0.62258
256,32,100,1,1.655178
256,32,100,1,1.707432
256,32,100,1,1.780299
512,32,100,1,9.284358
512,32,100,1,9.457935
512,32,100,1,9.535008
