fsize,ksize,request_rate,thread,response_time
128,32,100,2,1.327356
128,32,100,4,1.332821
128,32,200,2,1.330066
128,32,200,4,1.312485
128,64,100,2,1.985385
128,64,100,4,2.038818
128,64,200,2,1.990758
128,64,200,4,1.981269
256,32,100,2,3.641211
256,32,100,4,3.691595
256,32,200,2,3.875775
256,32,200,4,3.674212
256,64,100,2,6.601368
256,64,100,4,6.262625
256,64,200,2,7.781477
256,64,200,4,6.376026
