fsize,ksize,request_rate,thread,response_time
256,32,200,1,1.788155
256,32,200,1,1.796903
256,32,200,1,1.941526
256,32,400,1,2.209561
256,32,400,1,2.181212
256,32,400,1,2.381077
256,32,600,1,5.0211
256,32,600,1,4.035161
256,32,600,1,3.983269
256,32,800,1,144.692973
256,32,800,1,237.770092
256,32,800,1,121.519749
