fsize,ksize,request_rate,thread,response_time
128,32,200,2,1.298441
128,32,200,4,1.283084
128,32,400,2,1.320548
128,32,400,4,1.296281
128,64,200,2,1.991777
128,64,200,4,1.974318
128,64,400,2,2.121929
128,64,400,4,1.984399
256,32,200,2,4.308922
256,32,200,4,3.825394
256,32,400,2,4.720583
256,32,400,4,3.806733
256,64,200,2,8.269894
256,64,200,4,6.435139
256,64,400,2,926.118169
256,64,400,4,7.171002
