fsize,ksize,request_rate,thread,throughput
64,32,1000,1,934.808612
64,32,1000,1,932.031094
64,32,1000,1,941.974078
128,32,1000,1,952.561292
128,32,1000,1,914.872408
128,32,1000,1,921.467012
256,32,1000,1,692.296383
256,32,1000,1,706.773754
256,32,1000,1,714.135812
512,32,1000,1,173.532346
512,32,1000,1,172.813801
512,32,1000,1,172.590852
