fsize,ksize,request_rate,thread,response_time
256,8,500,1,0.61804
256,8,500,1,0.675818
256,8,500,1,0.623132
256,16,500,1,1.11351
256,16,500,1,1.117906
256,16,500,1,1.157311
256,32,500,1,2.635431
256,32,500,1,2.485382
256,32,500,1,2.800426
256,64,500,1,689.082601
256,64,500,1,580.219505
256,64,500,1,727.712964
256,128,500,1,4023.908132
256,128,500,1,4051.899505
256,128,500,1,4107.975206
