fsize,ksize,request_rate,thread,throughput
512,256,100,1,24.775373
512,256,100,1,24.837954
512,256,100,1,24.852071
512,256,100,2,46.995784
512,256,100,2,47.4532
512,256,100,2,48.279404
512,256,100,4,87.634608
512,256,100,4,89.572418
512,256,100,4,90.303479
512,256,100,8,96.581876
512,256,100,8,96.692607
512,256,100,8,102.559016
