fsize,ksize,request_rate,thread,throughput
128,32,100,2,105.678076
128,32,100,4,99.630996
128,32,200,2,196.068649
128,32,200,4,202.635257
128,64,100,2,95.850788
128,64,100,4,101.926725
128,64,200,2,203.291771
128,64,200,4,198.941905
256,32,100,2,98.861594
256,32,100,4,100.918347
256,32,200,2,190.100788
256,32,200,4,197.384185
256,64,100,2,96.384339
256,64,100,4,98.023558
256,64,200,2,196.407186
256,64,200,4,190.238547
