fsize,ksize,request_rate,thread,response_time
128,32,150,2,1.356311
128,32,150,4,1.317472
128,32,300,2,1.292793
128,32,300,4,1.28774
128,64,150,2,1.98215
128,64,150,4,2.007997
128,64,300,2,2.014392
128,64,300,4,2.016252
256,32,150,2,3.756522
256,32,150,4,3.686253
256,32,300,2,4.187263
256,32,300,4,3.704155
256,64,150,2,7.293606
256,64,150,4,6.67893
256,64,300,2,56.991503
256,64,300,4,6.797505
