fsize,ksize,request_rate,thread,throughput
128,32,150,2,141.901338
128,32,150,4,151.757188
128,32,300,2,284.090909
128,32,300,4,282.122905
128,64,150,2,149.500998
128,64,150,4,151.112886
128,64,300,2,294.885854
128,64,300,4,288.476874
256,32,150,2,139.240506
256,32,150,4,146.550864
256,32,300,2,293.301388
256,32,300,4,283.975254
256,64,150,2,147.804391
256,64,150,4,150.169627
256,64,300,2,291.334661
256,64,300,4,297.267651
