fsize,ksize,request_rate,thread,throughput
256,8,100,1,98.888006
256,8,100,1,90.563774
256,8,100,1,91.563375
256,16,100,1,92.107892
256,16,100,1,103.992016
256,16,100,1,106.081755
256,32,100,1,95.028948
256,32,100,1,94.087095
256,32,100,1,100.179605
256,64,100,1,98.164405
256,64,100,1,90.363854
256,64,100,1,91.253994
256,128,100,1,105.598725
256,128,100,1,109.090909
256,128,100,1,96.87064
