fsize,ksize,request_rate,thread,throughput
64,32,100,1,102.268205
64,32,100,1,95.551566
64,32,100,1,103.958417
128,32,100,1,103.455163
128,32,100,1,103.737757
128,32,100,1,98.960416
256,32,100,1,93.506494
256,32,100,1,95.561775
256,32,100,1,105.357857
512,32,100,1,94.772546
512,32,100,1,104.549082
512,32,100,1,95.114656
