fsize,ksize,request_rate,thread,response_time,std
64,32,100,1,0.369992,0.080418
64,32,100,1,0.393092,0.074841
64,32,100,1,0.383106,0.072547
128,32,100,1,0.645931,0.0939
128,32,100,1,0.63863,0.084433
128,32,100,1,0.64538,0.079788
256,32,100,1,1.726368,0.359976
256,32,100,1,1.6984,0.290441
256,32,100,1,1.709127,0.305416
512,32,100,1,9.202398,5.546315
512,32,100,1,9.856981,5.193505
512,32,100,1,9.352545,5.495363
