fsize,ksize,request_rate,thread,throughput
256,32,300,1,280.60715
256,32,300,1,293.389255
256,32,300,1,297.902098
256,32,600,1,585.745658
256,32,600,1,572.226656
256,32,600,1,567.551387
256,32,900,1,711.607911
256,32,900,1,709.072306
256,32,900,1,714.285714
256,32,1200,1,700.622665
256,32,1200,1,716.771324
256,32,1200,1,715.595146
256,32,1500,1,703.451084
256,32,1500,1,710.176307
256,32,1500,1,684.807482
